WDPAID,WDPA_PID,PA_DEF,NAME,ORIG_NAME,DESIG,DESIG_ENG,DESIG_TYPE,IUCN_CAT,INT_CRIT,MARINE,REP_M_AREA,GIS_M_AREA,REP_AREA,GIS_AREA,NO_TAKE,NO_TK_AREA,STATUS,STATUS_YR,GOV_TYPE,OWN_TYPE,MANG_AUTH,MANG_PLAN,VERIF,METADATAID,SUB_LOC,PARENT_ISO3,ISO3,SUPP_INFO,CONS_OBJ
198296.0,198296,1,Area de Conservación Guanacaste,Zone de conservation de Guanacaste,World Heritage Site (natural or mixed),World Heritage Site (natural or mixed),International,Not Applicable,(ix)(x),1,0.0,502.494849564829,1470.0,1514.28411794319,Not Reported,0.0,Inscribed,1999,Not Reported,Not Reported,Not Reported,Not Reported,State Verified,946,CR-G,CRI,CRI,Not Applicable,Not Applicable
145582.0,145582,1,Cocos Island National Park,Parc national de l'île Cocos,World Heritage Site (natural or mixed),World Heritage Site (natural or mixed),International,Not Applicable,(ix)(x),2,0.0,1851.02066119784,1997.9,1876.30534120646,Not Reported,0.0,Inscribed,1997,Not Reported,Not Reported,Not Reported,Not Reported,State Verified,946,CR-P,CRI,CRI,Not Applicable,Not Applicable
555593955.0,555593955,1,Lapa Rios Reserve,Lapa Rios Lapa Rios Conservation Easement #032-S-01,Conservation Easement,Conservation Easement,National,Ib,Not Applicable,0,0.0,0.0,3.91,3.9631812858,Not Applicable,0.0,Designated,2013,Joint governance,For-profit organisations,Lapa Rios Ecolodge and Center for Environmental Law and Natural Resources (CEDARENA),Not Reported,Expert Verified,1873,CR-P,CRI,CRI,Not Applicable,Not Applicable
555704246.0,555704246,1,Barra del Colorado,Barra del Colorado,Area Marina de Manejo,Marine Management Area,National,VI,Not Applicable,1,667.82,381.941956059257,667.82,654.306524353354,Not Reported,0.0,Designated,2020,Federal or national ministry or agency,State,Federal or national ministry or agency,Not Reported,State Verified,811,CR-L,CRI,CRI,Not Applicable,Not Applicable
555636418.0,555636418,1,Cabo Blanco,Cabo Blanco,Area Marina de Manejo,Marine Management Area,National,VI,Not Applicable,2,820.687,823.912994397527,824.844970703125,828.222495173928,Not Reported,0.0,Designated,1963,Federal or national ministry or agency,State,Federal or national ministry or agency,Not Reported,State Verified,811,CR-P,CRI,CRI,Not Applicable,Not Applicable
555697608.0,555697608,1,Bahia Santa Elena,Bahia Santa Elena,Area Marina de Manejo,Marine Management Area,National,VI,Not Applicable,1,7.23592,5.60012566167679,7.23591995239258,7.25936257283312,Not Reported,0.0,Designated,2018,Federal or national ministry or agency,State,Federal or national ministry or agency,Not Reported,State Verified,811,CR-G,CRI,CRI,Not Applicable,Not Applicable
102337.0,102337,1,Alberto Manuel Brenes,Alberto Manuel Brenes,Reserva Biologica,Biological Reserve,National,Ia,Not Applicable,0,0.0,0.0,77.9977035522461,78.3284971647317,Not Applicable,0.0,Proposed,1993,Federal or national ministry or agency,State,Not Reported,Not Reported,State Verified,811,CR-A,CRI,CRI,Not Applicable,Not Applicable
302001.0,302001,1,Palustrino Corral de piedra,Palustrino Corral de piedra,Humedal,Wetland,National,II,Not Applicable,0,0.0,0.0,23.8484992980957,23.9377733572794,Not Applicable,0.0,Designated,1994,Federal or national ministry or agency,Joint ownership,Federal or national ministry or agency,Not Reported,State Verified,811,CR-G,CRI,CRI,Not Applicable,Not Applicable
302002.0,302002,1,Lacustrino Bonilla Bonillita,Lacustrino Bonilla Bonillita,Humedal,Wetland,National,II,Not Applicable,0,0.0,0.0,0.4998419880867,0.501958955450775,Not Applicable,0.0,Designated,1994,Federal or national ministry or agency,Joint ownership,Federal or national ministry or agency,Not Reported,State Verified,811,CR-L,CRI,CRI,Not Applicable,Not Applicable
108165.0,108165,1,Humedal lacustrino Rio Canas,Humedal lacustrino Rio Canas,Humedal,Wetland,National,II,Not Applicable,0,0.0,0.0,6.5568699836731,6.57967486285445,Not Applicable,0.0,Designated,1994,Federal or national ministry or agency,Joint ownership,Federal or national ministry or agency,Not Reported,State Verified,811,CR-G,CRI,CRI,Not Applicable,Not Applicable
19368.0,19368,1,Guanacaste,Guanacaste,Parque Nacional,National Park,National,II,Not Applicable,0,0.0,0.0,342.152008056641,343.357141390784,Not Applicable,0.0,Designated,1991,Federal or national ministry or agency,State,Federal or national ministry or agency,Not Reported,State Verified,811,CR-G,CRI,CRI,Not Applicable,Not Applicable
168.0,168,1,Rincon de la Vieja,Rincon de la Vieja,Parque Nacional,National Park,National,II,Not Applicable,0,0.0,0.0,158.763000488281,159.342793481203,Not Applicable,0.0,Designated,1974,Federal or national ministry or agency,State,Federal or national ministry or agency,Not Reported,State Verified,811,CR-G,CRI,CRI,Not Applicable,Not Applicable
166.0,166,1,Santa Rosa,Santa Rosa,Parque Nacional,National Park,National,II,Not Applicable,1,308.87,424.362634591039,425.598999023438,821.236716486066,Not Reported,0.0,Designated,1966,Federal or national ministry or agency,State,Federal or national ministry or agency,Not Reported,State Verified,811,CR-G,CRI,CRI,Not Applicable,Not Applicable
167.0,167,1,Tortuguero,Tortuguero,Parque Nacional,National Park,National,II,Not Applicable,1,264.5584,504.698962086332,502.765014648438,770.563635175152,Not Reported,0.0,Designated,1970,Federal or national ministry or agency,State,Federal or national ministry or agency,Not Reported,State Verified,811,CR-L,CRI,CRI,Not Applicable,Not Applicable
164.0,164,1,Corcovado,Corcovado,Parque Nacional,National Park,National,II,Not Applicable,0,422.2026,0.0240031872911791,422.263000488281,424.093847717441,Not Applicable,0.0,Designated,1975,Federal or national ministry or agency,State,Federal or national ministry or agency,Not Reported,State Verified,811,CR-P,CRI,CRI,Not Applicable,Not Applicable
102367.0,102367,1,Piedras Blancas,Piedras Blancas,Parque Nacional,National Park,National,II,Not Applicable,0,141.3341,0.84849532950698,141.333999633789,141.929836178523,Not Applicable,0.0,Designated,1991,Federal or national ministry or agency,State,Federal or national ministry or agency,Not Reported,State Verified,811,CR-P,CRI,CRI,Not Applicable,Not Applicable
30595.0,30595,1,Marino Ballena,Marino Ballena,Parque Nacional,National Park,National,II,Not Applicable,2,51.9089,48.7778289534475,51.9089012145996,53.9530032863018,Not Reported,0.0,Designated,1992,Federal or national ministry or agency,State,Federal or national ministry or agency,Not Reported,State Verified,811,CR-P,CRI,CRI,Not Applicable,Not Applicable
2250.0,2250,1,Manuel Antonio,Manuel Antonio,Parque Nacional,National Park,National,II,Not Applicable,2,175.224,256.394510699876,256.695007324219,274.364512080734,Not Reported,0.0,Designated,1972,Federal or national ministry or agency,State,Federal or national ministry or agency,Not Reported,State Verified,811,CR-P,CRI,CRI,Not Applicable,Not Applicable
4646.0,4646,1,Palo Verde,Palo Verde,Parque Nacional,National Park,National,II,Not Applicable,0,182.2322,0.170498630600793,182.548004150391,183.232008206095,Not Applicable,0.0,Designated,1980,Federal or national ministry or agency,State,Federal or national ministry or agency,Not Reported,State Verified,811,CR-G,CRI,CRI,Not Applicable,Not Applicable
102334.0,102334,1,Volcan Tenorio,Volcan Tenorio,Parque Nacional,National Park,National,II,Not Applicable,0,0.0,0.0,128.990005493164,129.498261203325,Not Applicable,0.0,Designated,1976,Federal or national ministry or agency,State,Federal or national ministry or agency,Not Reported,State Verified,811,CR-A,CRI,CRI,Not Applicable,Not Applicable
108173.0,108173,1,Tapanti-Macizo de la Muerte,Tapanti-Macizo de la Muerte,Parque Nacional,National Park,National,II,Not Applicable,0,0.0,0.0,583.205017089844,585.702962819657,Not Applicable,0.0,Designated,2000,Federal or national ministry or agency,State,Federal or national ministry or agency,Not Reported,State Verified,811,CR-C,CRI,CRI,Not Applicable,Not Applicable
157.0,157,1,Carara,Carara,Parque Nacional,National Park,National,II,Not Applicable,0,0.0,0.0,53.3008995056152,53.5250396729721,Not Applicable,0.0,Designated,1998,Federal or national ministry or agency,State,Federal or national ministry or agency,Not Reported,State Verified,811,CR-P,CRI,CRI,Not Applicable,Not Applicable
108146.0,108146,1,La Cangreja,La Cangreja,Parque Nacional,National Park,National,II,Not Applicable,0,0.0,0.0,25.7339000701904,25.8435820514934,Not Applicable,0.0,Designated,2002,Federal or national ministry or agency,State,Federal or national ministry or agency,Not Reported,State Verified,811,CR-SJ,CRI,CRI,Not Applicable,Not Applicable
108140.0,108140,1,Diria,Diria,Parque Nacional,National Park,National,II,Not Applicable,0,0.0,0.0,55.4893989562988,55.6842646118473,Not Applicable,0.0,Designated,2004,Federal or national ministry or agency,State,Federal or national ministry or agency,Not Reported,State Verified,811,CR-G,CRI,CRI,Not Applicable,Not Applicable
168145.0,168145,1,Lagunas las Camelias,Lagunas las Camelias,Refugio Nacional de Vida Silvestre,National Wildlife Refuge,National,VI,Not Applicable,0,0.0,0.0,0.650090992450714,0.652587460997323,Not Applicable,0.0,Designated,1994,Federal or national ministry or agency,State,Not Reported,Not Reported,State Verified,811,CR-A,CRI,CRI,Not Applicable,Not Applicable
168146.0,168146,1,Mata Redonda,Mata Redonda,Refugio Nacional de Vida Silvestre,National Wildlife Refuge,National,VI,Not Applicable,0,0.0,0.0,3.7219500541687,3.73557854340356,Not Applicable,0.0,Designated,1994,Federal or national ministry or agency,State,Not Reported,Not Reported,State Verified,811,CR-G,CRI,CRI,Not Applicable,Not Applicable
102304.0,102304,1,Fernando Castro Cervantes,Fernando Castro Cervantes,Refugio Nacional de Vida Silvestre,National Wildlife Refuge,National,VI,Not Applicable,0,0.0,0.0,14.1688995361328,14.2286951381727,Not Applicable,0.0,Designated,1994,Federal or national ministry or agency,Joint ownership,Federal or national ministry or agency,Not Reported,State Verified,811,CR-SJ,CRI,CRI,Not Applicable,Not Applicable
168129.0,168129,1,Corredor Fronterizo,Corredor Fronterizo,Refugio Nacional de Vida Silvestre,National Wildlife Refuge,National,VI,Not Applicable,0,600.1741,0.182740612404883,600.137023925781,602.524528188087,Not Applicable,0.0,Designated,1961,Federal or national ministry or agency,State,Not Reported,Not Reported,State Verified,811,CR-A,CRI,CRI,Not Applicable,Not Applicable
19382.0,19382,1,Quitirrisi,Quitirrisi,Zona Protectora,Protected Zone,National,IV,Not Applicable,0,0.0,0.0,1.12194001674652,1.12673297146441,Not Applicable,0.0,Designated,1982,Federal or national ministry or agency,Joint ownership,Federal or national ministry or agency,Not Reported,State Verified,811,CR-SJ,CRI,CRI,Not Applicable,Not Applicable
555697606.0,555697606,1,Miravalles-Jorge Manuel Dengo,Miravalles-Jorge Manuel Dengo,Parque Nacional,National Park,National,II,Not Applicable,0,0.0,0.0,42.3352012634277,42.4977641876334,Not Applicable,0.0,Designated,2019,Federal or national ministry or agency,State,Federal or national ministry or agency,Not Reported,State Verified,811,CR-A,CRI,CRI,Not Applicable,Not Applicable
3328.0,3328,1,El Rodeo,El Rodeo,Zona Protectora,Protected Zone,National,IV,Not Applicable,0,0.0,0.0,21.080099105835,21.1698042446356,Not Applicable,0.0,Designated,1976,Federal or national ministry or agency,Joint ownership,Federal or national ministry or agency,Not Reported,State Verified,811,CR-SJ,CRI,CRI,Not Applicable,Not Applicable
19373.0,19373,1,Cerro Atenas,Cerro Atenas,Zona Protectora,Protected Zone,National,IV,Not Applicable,0,0.0,0.0,8.9993896484375,9.0375220238738,Not Applicable,0.0,Designated,1976,Federal or national ministry or agency,Joint ownership,Federal or national ministry or agency,Not Reported,State Verified,811,CR-A,CRI,CRI,Not Applicable,Not Applicable
3332.0,3332,1,Rio Tiribi,Rio Tiribi,Zona Protectora,Protected Zone,National,IV,Not Applicable,0,0.0,0.0,7.01788997650146,7.04790976568491,Not Applicable,0.0,Designated,1976,Federal or national ministry or agency,Joint ownership,Federal or national ministry or agency,Not Reported,State Verified,811,CR-C,CRI,CRI,Not Applicable,Not Applicable
11849.0,11849,1,Isla del Cano,Isla del Cano,Reserva Biologica,Biological Reserve,National,Ia,Not Applicable,2,52.0147,50.7733272810265,52.0147018432617,55.516078645803,Not Reported,0.0,Designated,1976,Federal or national ministry or agency,State,Not Reported,Not Reported,State Verified,811,CR-P,CRI,CRI,Not Applicable,Not Applicable
161.0,161,1,Isla Guayabo,Isla Guayabo,Reserva Biologica,Biological Reserve,National,Ia,Not Applicable,0,0.0,0.0,0.0626827999949455,0.0629372195043509,Not Applicable,0.0,Designated,1973,Federal or national ministry or agency,State,Not Reported,Not Reported,State Verified,811,CR-P,CRI,CRI,Not Applicable,Not Applicable
11848.0,11848,1,Isla Pajaros,Isla Pajaros,Reserva Biologica,Biological Reserve,National,Ia,Not Applicable,2,0.0321,0.0322466204775909,0.0321188010275364,0.0322466204775909,Not Reported,0.0,Designated,1976,Federal or national ministry or agency,State,Not Reported,Not Reported,State Verified,811,CR-P,CRI,CRI,Not Applicable,Not Applicable
168123.0,168123,1,Islas Negritos,Islas Negritos,Reserva Biologica,Biological Reserve,National,Ia,Not Applicable,0,1.21,0.0216764495068548,1.21221995353699,1.21716447926584,Not Applicable,0.0,Designated,1973,Federal or national ministry or agency,State,Not Reported,Not Reported,State Verified,811,CR-P,CRI,CRI,Not Applicable,Not Applicable
156.0,156,1,Hitoy Cerere,Hitoy Cerere,Reserva Biologica,Biological Reserve,National,Ia,Not Applicable,0,0.0,0.0,99.7850036621094,100.18993741851,Not Applicable,0.0,Designated,1978,Federal or national ministry or agency,State,Not Reported,Not Reported,State Verified,811,CR-L,CRI,CRI,Not Applicable,Not Applicable
19370.0,19370,1,Lomas de Barbudal,Lomas de Barbudal,Reserva Biologica,Biological Reserve,National,Ia,Not Applicable,0,0.0,0.0,34.8945007324219,35.0240915830388,Not Applicable,0.0,Designated,1986,Federal or national ministry or agency,State,Not Reported,Not Reported,State Verified,811,CR-G,CRI,CRI,Not Applicable,Not Applicable
102351.0,102351,1,Cerro Las Vueltas,Cerro Las Vueltas,Reserva Biologica,Biological Reserve,National,Ia,Not Applicable,0,0.0,0.0,7.93272018432617,7.96686665307267,Not Applicable,0.0,Designated,1994,Federal or national ministry or agency,State,Not Reported,Not Reported,State Verified,811,CR-SJ,CRI,CRI,Not Applicable,Not Applicable
108151.0,108151,1,Terraba-Sierpe,Terraba-Sierpe,Humedal,Wetland,National,II,Not Applicable,0,267.7868,24.737135386993,267.786987304688,268.93921414058,Not Applicable,0.0,Designated,1994,Federal or national ministry or agency,Joint ownership,Federal or national ministry or agency,Not Reported,State Verified,811,CR-P,CRI,CRI,Not Applicable,Not Applicable
108139.0,108139,1,De San Vito,De San Vito,Humedal,Wetland,National,II,Not Applicable,0,0.0,0.0,0.437240988016129,0.439011294185702,Not Applicable,0.0,Designated,1994,Federal or national ministry or agency,Joint ownership,Federal or national ministry or agency,Not Reported,State Verified,811,CR-P,CRI,CRI,Not Applicable,Not Applicable
108159.0,108159,1,Lacustrino Laguna del Paraguas,Lacustrino Laguna del Paraguas,Humedal,Wetland,National,II,Not Applicable,0,0.0,0.0,0.495889991521835,0.497906930647877,Not Applicable,0.0,Designated,1994,Federal or national ministry or agency,Joint ownership,Federal or national ministry or agency,Not Reported,State Verified,811,CR-P,CRI,CRI,Not Applicable,Not Applicable
102327.0,102327,1,Humedal Laguna Madrigal,Humedal Laguna Madrigal,Humedal,Wetland,National,II,Not Applicable,0,0.0,0.0,0.466502994298935,0.468303114595185,Not Applicable,0.0,Proposed,1994,Federal or national ministry or agency,Joint ownership,Federal or national ministry or agency,Not Reported,State Verified,811,CR-G,CRI,CRI,Not Applicable,Not Applicable
301997.0,301997,1,Marino Playa Blanca,Marino Playa Blanca,Humedal,Wetland,National,II,Not Applicable,0,0.0659,0.000977795018693696,0.0659,0.103629426595756,Not Applicable,0.0,Designated,1994,Federal or national ministry or agency,Joint ownership,Federal or national ministry or agency,Not Reported,State Verified,811,CR-P,CRI,CRI,Not Applicable,Not Applicable
108155.0,108155,1,Nacional Cariari,Nacional Cariari,Humedal,Wetland,National,II,Not Applicable,1,6.8391,1.12797658744949,7.78761005401611,7.81958054942059,Not Reported,0.0,Designated,1994,Federal or national ministry or agency,Joint ownership,Federal or national ministry or agency,Not Reported,State Verified,811,CR-L,CRI,CRI,Not Applicable,Not Applicable
102357.0,102357,1,Limoncito,Limoncito,Refugio Nacional de Vida Silvestre,National Wildlife Refuge,National,VI,Not Applicable,0,0.0,0.0,10.9800996780396,11.0247582022513,Not Applicable,0.0,Designated,1994,Federal or national ministry or agency,Joint ownership,Federal or national ministry or agency,Not Reported,State Verified,811,CR-L,CRI,CRI,Not Applicable,Not Applicable
108142.0,108142,1,Estero Puntarenas y Manglares Asociados,Estero Puntarenas y Manglares Asociados,Humedal,Wetland,National,II,Not Applicable,1,52.4116,12.2965618591089,52.4115982055664,52.6246180233223,Not Reported,0.0,Designated,2001,Federal or national ministry or agency,Joint ownership,Federal or national ministry or agency,Not Reported,State Verified,811,CR-P,CRI,CRI,Not Applicable,Not Applicable
108154.0,108154,1,Monumento Nacional Guayabo,Monumento Nacional Guayabo,Monumento Nacional,National Monument,National,II,Not Applicable,0,0.0,0.0,2.29628992080688,2.30606227323741,Not Applicable,0.0,Designated,1973,Federal or national ministry or agency,State,Federal or national ministry or agency,Not Reported,State Verified,811,CR-C,CRI,CRI,Not Applicable,Not Applicable
102300.0,102300,1,Cabo Blanco,Cabo Blanco,Reserva Natural Absoluta,Absolute Natural Reserve,National,Ia,Not Applicable,1,13.5641,15.0016276634615,16.6762008666992,30.6622697788022,Not Reported,0.0,Designated,1963,Federal or national ministry or agency,State,Not Reported,Not Reported,State Verified,811,CR-P,CRI,CRI,Not Applicable,Not Applicable
61925.0,61925,1,Rio Banano,Rio Banano,Zona Protectora,Protected Zone,National,IV,Not Applicable,0,0.0,0.0,91.8702011108398,92.2461675183381,Not Applicable,0.0,Designated,1990,Federal or national ministry or agency,Joint ownership,Federal or national ministry or agency,Not Reported,State Verified,811,CR-L,CRI,CRI,Not Applicable,Not Applicable
102371.0,102371,1,Rio Toro,Rio Toro,Zona Protectora,Protected Zone,National,IV,Not Applicable,0,0.0,0.0,43.9471015930176,44.1336046797377,Not Applicable,0.0,Designated,1994,Federal or national ministry or agency,Joint ownership,Federal or national ministry or agency,Not Reported,State Verified,811,CR-A,CRI,CRI,Not Applicable,Not Applicable
115176.0,115176,1,Peninsula de Nicoya,Peninsula de Nicoya,Zona Protectora,Protected Zone,National,IV,Not Applicable,0,0.0,0.0,217.143005371094,217.999616391896,Not Applicable,0.0,Designated,1994,Federal or national ministry or agency,Joint ownership,Federal or national ministry or agency,Not Reported,State Verified,811,CR-P,CRI,CRI,Not Applicable,Not Applicable
102311.0,102311,1,Nicolas Wessberg,Nicolas Wessberg,Reserva Natural Absoluta,Protected Zone,National,Ia,Not Applicable,0,0.5506,0.00592749395439694,0.59002298116684,0.5923680197657,Not Applicable,0.0,Designated,1994,Federal or national ministry or agency,State,Not Reported,Not Reported,State Verified,811,CR-P,CRI,CRI,Not Applicable,Not Applicable
36059.0,36059,1,Arenal,Arenal,Parque Nacional,National Park,National,II,Not Applicable,0,0.0,0.0,119.447998046875,119.936488879592,Not Applicable,0.0,Designated,1991,Federal or national ministry or agency,State,Federal or national ministry or agency,Not Reported,State Verified,811,CR-A,CRI,CRI,Not Applicable,Not Applicable
165.0,165,1,Braulio Carrillo,Braulio Carrillo,Parque Nacional,National Park,National,II,Not Applicable,0,0.0,0.0,499.213989257812,501.3460176607,Not Applicable,0.0,Designated,1978,Federal or national ministry or agency,State,Federal or national ministry or agency,Not Reported,State Verified,811,CR-H,CRI,CRI,Not Applicable,Not Applicable
19379.0,19379,1,Juan Castro Blanco,Juan Castro Blanco,Parque Nacional,National Park,National,II,Not Applicable,0,0.0,0.0,142.880004882812,143.483959088438,Not Applicable,0.0,Designated,1992,Federal or national ministry or agency,State,Federal or national ministry or agency,Not Reported,State Verified,811,CR-A,CRI,CRI,Not Applicable,Not Applicable
555643530.0,555643530,1,Hacienda La Avellana,Hacienda La Avellana,Refugio Nacional de Vida Silvestre,National Wildlife Refuge,National,VI,Not Applicable,0,0.0,0.0,5.00481986999512,5.02582570040751,Not Applicable,0.0,Designated,1988,Individual landowners,Individual landowners,Individual landowners,Not Reported,State Verified,811,CR-A,CRI,CRI,Not Applicable,Not Applicable
168122.0,168122,1,Volcan Turrialba,Volcan Turrialba,Parque Nacional,National Park,National,II,Not Applicable,0,0.0,0.0,12.5635004043579,12.6170913334193,Not Applicable,0.0,Designated,1955,Federal or national ministry or agency,State,Federal or national ministry or agency,Not Reported,State Verified,811,CR-C,CRI,CRI,Not Applicable,Not Applicable
555643526.0,555643526,1,Cerro Redondo,Cerro Redondo,Refugio Nacional de Vida Silvestre,National Wildlife Refuge,National,VI,Not Applicable,0,0.0,0.0,6.7976598739624,6.82695824195556,Not Applicable,0.0,Designated,1998,Individual landowners,Individual landowners,Individual landowners,Not Reported,State Verified,811,CR-P,CRI,CRI,Not Applicable,Not Applicable
169.0,169,1,Volcan Poas,Volcan Poas,Parque Nacional,National Park,National,II,Not Applicable,0,0.0,0.0,65.5861968994141,65.8683200182437,Not Applicable,0.0,Designated,1970,Federal or national ministry or agency,State,Federal or national ministry or agency,Not Reported,State Verified,811,CR-A,CRI,CRI,Not Applicable,Not Applicable
2214.0,2214,1,Barra Honda,Barra Honda,Parque Nacional,National Park,National,II,Not Applicable,0,0.0,0.0,22.963399887085,23.0489190058156,Not Applicable,0.0,Designated,1974,Federal or national ministry or agency,State,Federal or national ministry or agency,Not Reported,State Verified,811,CR-G,CRI,CRI,Not Applicable,Not Applicable
102310.0,102310,1,Marino las Baulas de Guanacaste,Marino las Baulas de Guanacaste,Parque Nacional,National Park,National,II,Not Applicable,2,245.285995483398,243.657884569464,245.285995483398,255.635045984015,Not Reported,0.0,Designated,1991,Federal or national ministry or agency,State,Federal or national ministry or agency,Not Reported,State Verified,811,CR-G,CRI,CRI,Not Applicable,Not Applicable
2235.0,2235,1,Cahuita,Cahuita,Parque Nacional,National Park,National,II,Not Applicable,2,10.7614,232.403674333204,233.179000854492,244.869422128329,Not Reported,0.0,Designated,1970,Federal or national ministry or agency,State,Federal or national ministry or agency,Not Reported,State Verified,811,CR-C,CRI,CRI,Not Applicable,Not Applicable
163.0,163,1,Chirripo,Chirripo,Parque Nacional,National Park,National,II,Not Applicable,0,0.0,0.0,501.239990234375,503.57913895671,Not Applicable,0.0,Designated,1975,Federal or national ministry or agency,State,Federal or national ministry or agency,Not Reported,State Verified,811,CR-C,CRI,CRI,Not Applicable,Not Applicable
2553.0,2553,1,Internacional La Amistad,Internacional La Amistad,Parque Nacional,National Park,National,II,Not Applicable,0,0.0,0.0,1982.93005371094,1991.12609394605,Not Applicable,0.0,Designated,1982,Federal or national ministry or agency,State,Federal or national ministry or agency,Not Reported,State Verified,811,CR-L,CRI,CRI,Not Applicable,Not Applicable
19372.0,19372,1,Barbilla,Barbilla,Parque Nacional,National Park,National,II,Not Applicable,0,0.0,0.0,119.13500213623,119.63383650433,Not Applicable,0.0,Designated,1982,Federal or national ministry or agency,State,Federal or national ministry or agency,Not Reported,State Verified,811,CR-C,CRI,CRI,Not Applicable,Not Applicable
171.0,171,1,Volcan Irazu,Volcan Irazu,Parque Nacional,National Park,National,II,Not Applicable,0,0.0,0.0,19.9731998443604,20.0586154248622,Not Applicable,0.0,Designated,1955,Federal or national ministry or agency,State,Federal or national ministry or agency,Not Reported,State Verified,811,CR-C,CRI,CRI,Not Applicable,Not Applicable
108150.0,108150,1,Los Quetzales,Los Quetzales,Parque Nacional,National Park,National,II,Not Applicable,0,0.0,0.0,41.0204010009766,41.1971046993555,Not Applicable,0.0,Designated,2006,Federal or national ministry or agency,State,Federal or national ministry or agency,Not Reported,State Verified,811,CR-SJ,CRI,CRI,Not Applicable,Not Applicable
36055.0,36055,1,Rio Pacuare,Rio Pacuare,Reserva Forestal,Biological Reserve,National,VI,Not Applicable,0,0.0,0.0,131.878005981445,132.431710210243,Not Applicable,0.0,Designated,1985,Federal or national ministry or agency,Joint ownership,Federal or national ministry or agency,Not Reported,State Verified,811,CR-L,CRI,CRI,Not Applicable,Not Applicable
3320.0,3320,1,Cordillera Volcanica Central,Cordillera Volcanica Central,Reserva Forestal,Biological Reserve,National,VI,Not Applicable,0,0.0,0.0,586.218994140625,588.71988320866,Not Applicable,0.0,Designated,1975,Federal or national ministry or agency,Joint ownership,Federal or national ministry or agency,Not Reported,State Verified,811,CR-C,CRI,CRI,Not Applicable,Not Applicable
3316.0,3316,1,Los Santos,Los Santos,Reserva Forestal,Biological Reserve,National,VI,Not Applicable,0,0.0,0.0,566.836975097656,569.255133683303,Not Applicable,0.0,Designated,1975,Federal or national ministry or agency,Joint ownership,Federal or national ministry or agency,Not Reported,State Verified,811,CR-SJ,CRI,CRI,Not Applicable,Not Applicable
3317.0,3317,1,Golfo Dulce,Golfo Dulce,Reserva Forestal,Biological Reserve,National,VI,Not Applicable,0,619.5909,0.092488010795798,619.5909,609.396278277721,Not Applicable,0.0,Designated,1978,Federal or national ministry or agency,Joint ownership,Federal or national ministry or agency,Not Reported,State Verified,811,CR-P,CRI,CRI,Not Applicable,Not Applicable
3325.0,3325,1,Taboga,Taboga,Reserva Forestal,Biological Reserve,National,VI,Not Applicable,0,0.0,0.0,2.96946001052856,2.98096046726713,Not Applicable,0.0,Designated,1978,Federal or national ministry or agency,Joint ownership,Federal or national ministry or agency,Not Reported,State Verified,811,CR-G,CRI,CRI,Not Applicable,Not Applicable
555643540.0,555643540,1,Transilvania,Transilvania,Refugio Nacional de Vida Silvestre,National Wildlife Refuge,National,VI,Not Applicable,0,0.0,0.0,0.633738994598389,0.636486117283193,Not Applicable,0.0,Designated,1998,Individual landowners,Individual landowners,Individual landowners,Not Reported,State Verified,811,CR-P,CRI,CRI,Not Applicable,Not Applicable
3319.0,3319,1,Grecia,Grecia,Reserva Forestal,Biological Reserve,National,VI,Not Applicable,0,0.0,0.0,23.6121997833252,23.7127383584233,Not Applicable,0.0,Designated,1974,Federal or national ministry or agency,Joint ownership,Federal or national ministry or agency,Not Reported,State Verified,811,CR-A,CRI,CRI,Not Applicable,Not Applicable
3315.0,3315,1,Rio Macho,Rio Macho,Reserva Forestal,Biological Reserve,National,VI,Not Applicable,0,0.0,0.0,227.095993041992,228.06036499618,Not Applicable,0.0,Designated,1964,Federal or national ministry or agency,Joint ownership,Federal or national ministry or agency,Not Reported,State Verified,811,CR-C,CRI,CRI,Not Applicable,Not Applicable
102369.0,102369,1,Pacuare Matina,Pacuare Matina,Reserva Forestal,Biological Reserve,National,VI,Not Applicable,0,4.9704,3.15320799563966e-06,4.97037982940674,4.99076124174623,Not Applicable,0.0,Designated,1973,Federal or national ministry or agency,Joint ownership,Federal or national ministry or agency,Not Reported,State Verified,811,CR-L,CRI,CRI,Not Applicable,Not Applicable
555643536.0,555643536,1,Quillotro,Quillotro,Refugio Nacional de Vida Silvestre,National Wildlife Refuge,National,VI,Not Applicable,0,0.0,0.0,0.664960980415344,0.667860310727143,Not Applicable,0.0,Designated,2012,Federal or national ministry or agency,Joint ownership,Federal or national ministry or agency,Not Reported,State Verified,811,CR-P,CRI,CRI,Not Applicable,Not Applicable
3323.0,3323,1,Zona de Emergencia Volcan Arenal,Zona de Emergencia Volcan Arenal,Reserva Forestal,Biological Reserve,National,VI,Not Applicable,0,0.0,0.0,2.23291993141174,2.24205612892862,Not Applicable,0.0,Designated,1969,Federal or national ministry or agency,Joint ownership,Federal or national ministry or agency,Not Reported,State Verified,811,CR-A,CRI,CRI,Not Applicable,Not Applicable
12493.0,12493,1,Barra del Colorado,Barra del Colorado,Refugio Nacional de Vida Silvestre,National Wildlife Refuge,National,VI,Not Applicable,0,811.3934,9.03196933314326,811.393005371094,814.805260171928,Not Applicable,0.0,Designated,1985,Federal or national ministry or agency,Joint ownership,Federal or national ministry or agency,Not Reported,State Verified,811,CR-L,CRI,CRI,Not Applicable,Not Applicable
12492.0,12492,1,Golfito,Golfito,Refugio Nacional de Vida Silvestre,National Wildlife Refuge,National,VI,Not Applicable,0,28.7687,0.104256317933154,28.7687,28.8048250724455,Not Applicable,0.0,Designated,1986,Federal or national ministry or agency,Joint ownership,Federal or national ministry or agency,Not Reported,State Verified,811,CR-P,CRI,CRI,Not Applicable,Not Applicable
19402.0,19402,1,Gandoca Manzanillo,Gandoca Manzanillo,Refugio Nacional de Vida Silvestre,National Wildlife Refuge,National,VI,Not Applicable,1,45.663,57.2846816829869,59.2326011657715,105.289493242348,Not Reported,0.0,Designated,1985,Federal or national ministry or agency,Joint ownership,Federal or national ministry or agency,Not Reported,State Verified,811,CR-L,CRI,CRI,Not Applicable,Not Applicable
555705207.0,555705207,1,Isla San Lucas,Isla San Lucas,Parque Nacional,National Park,National,II,Not Applicable,1,9.9461,4.08164653146757,9.9461,10.0997864961207,Not Reported,0.0,Designated,2020,Federal or national ministry or agency,State,Federal or national ministry or agency,Not Reported,State Verified,811,CR-P,CRI,CRI,Not Applicable,Not Applicable
108137.0,108137,1,Cipanci,Cipanci,Refugio Nacional de Vida Silvestre,National Wildlife Refuge,National,VI,Not Applicable,1,42.7099,8.42399670358892,42.7099,41.4512037929571,Not Reported,0.0,Designated,2001,Federal or national ministry or agency,Joint ownership,Not Reported,Not Reported,State Verified,811,CR-G,CRI,CRI,Not Applicable,Not Applicable
12488.0,12488,1,Cano Negro,Cano Negro,Refugio Nacional de Vida Silvestre,National Wildlife Refuge,National,VI,Not Applicable,0,0.0,0.0,101.601997375488,102.010085494478,Not Applicable,0.0,Designated,1984,Federal or national ministry or agency,Joint ownership,Federal or national ministry or agency,Not Reported,State Verified,811,CR-A,CRI,CRI,Not Applicable,Not Applicable
11851.0,11851,1,Curu,Curu,Refugio Nacional de Vida Silvestre,National Wildlife Refuge,National,VI,Not Applicable,0,0.9048,0.00245790930898899,0.904788970947266,0.90845163364269,Not Applicable,0.0,Designated,1983,Federal or national ministry or agency,Joint ownership,Federal or national ministry or agency,Not Reported,State Verified,811,CR-P,CRI,CRI,Not Applicable,Not Applicable
12244.0,12244,1,Ostional,Ostional,Refugio Nacional de Vida Silvestre,National Wildlife Refuge,National,VI,Not Applicable,1,0.0,76.5100613622879,80.5389022827148,85.926825972912,Not Reported,0.0,Designated,1983,Federal or national ministry or agency,Joint ownership,Federal or national ministry or agency,Not Reported,State Verified,811,CR-G,CRI,CRI,Not Applicable,Not Applicable
61924.0,61924,1,Penas Blancas,Penas Blancas,Refugio Nacional de Vida Silvestre,National Wildlife Refuge,National,VI,Not Applicable,0,0.0,0.0,23.9995002746582,24.0990044346005,Not Applicable,0.0,Designated,1985,Federal or national ministry or agency,Joint ownership,Federal or national ministry or agency,Not Reported,State Verified,811,CR-A,CRI,CRI,Not Applicable,Not Applicable
102375.0,102375,1,Bosque Alegre,Bosque Alegre,Refugio Nacional de Vida Silvestre,National Wildlife Refuge,National,VI,Not Applicable,0,0.0,0.0,8.39807033538818,8.43371483170464,Not Applicable,0.0,Designated,1994,Federal or national ministry or agency,Joint ownership,Federal or national ministry or agency,Not Reported,State Verified,811,CR-A,CRI,CRI,Not Applicable,Not Applicable
102322.0,102322,1,Camaronal,Camaronal,Refugio Nacional de Vida Silvestre,National Wildlife Refuge,National,VI,Not Applicable,2,2.1059,162.696363963223,162.598007202148,165.306890978974,Not Reported,0.0,Designated,1994,Federal or national ministry or agency,State,Not Reported,Not Reported,State Verified,811,CR-G,CRI,CRI,Not Applicable,Not Applicable
108148.0,108148,1,La Tirimbina,La Tirimbina,Refugio Nacional de Vida Silvestre,National Wildlife Refuge,National,VI,Not Applicable,0,0.0,0.0,2.94345998764038,2.95595286444953,Not Applicable,0.0,Designated,2001,Individual landowners,Individual landowners,Individual landowners,Not Reported,State Verified,811,CR-H,CRI,CRI,Not Applicable,Not Applicable
102321.0,102321,1,Iguanita,Iguanita,Refugio Nacional de Vida Silvestre,National Wildlife Refuge,National,VI,Not Applicable,0,0.0,0.0,1.18297004699707,1.18704366730473,Not Applicable,0.0,Designated,1994,Federal or national ministry or agency,State,Not Reported,Not Reported,State Verified,811,CR-G,CRI,CRI,Not Applicable,Not Applicable
102368.0,102368,1,Archie Carr,Archie Carr,Refugio Nacional de Vida Silvestre,National Wildlife Refuge,National,VI,Not Applicable,1,0.3868,0.0403278799324196,0.386817008256912,0.388428609708525,Not Reported,0.0,Designated,1994,Federal or national ministry or agency,State,Not Reported,Not Reported,State Verified,811,CR-L,CRI,CRI,Not Applicable,Not Applicable
108143.0,108143,1,Isla Chora,Isla Chora,Refugio Nacional de Vida Silvestre,National Wildlife Refuge,National,VI,Not Applicable,2,0.0574,0.0576217232894069,0.057414498180151,0.0576217232894069,Not Reported,0.0,Designated,2002,Federal or national ministry or agency,State,Not Reported,Not Reported,State Verified,811,CR-P,CRI,CRI,Not Applicable,Not Applicable
102332.0,102332,1,Bahia Junquillal,Bahia Junquillal,Refugio Nacional de Vida Silvestre,National Wildlife Refuge,National,VI,Not Applicable,0,0.0,0.0464974060720806,4.39803981781006,4.58252298627049,Not Applicable,0.0,Designated,1995,Federal or national ministry or agency,State,Not Reported,Not Reported,State Verified,811,CR-G,CRI,CRI,Not Applicable,Not Applicable
168154.0,168154,1,Werner Sauter,Werner Sauter,Refugio Nacional de Vida Silvestre,National Wildlife Refuge,National,VI,Not Applicable,0,0.0,0.0,1.45492005348206,1.46016024250837,Not Applicable,0.0,Designated,1995,Federal or national ministry or agency,Joint ownership,Federal or national ministry or agency,Not Reported,State Verified,811,CR-G,CRI,CRI,Not Applicable,Not Applicable
168151.0,168151,1,Rancho La Merced,Rancho La Merced,Refugio Nacional de Vida Silvestre,National Wildlife Refuge,National,VI,Not Applicable,0,0.0,0.0,4.10155010223389,4.11930672408882,Not Applicable,0.0,Designated,1995,Federal or national ministry or agency,Joint ownership,Federal or national ministry or agency,Not Reported,State Verified,811,CR-P,CRI,CRI,Not Applicable,Not Applicable
555643528.0,555643528,1,Duaru,Duaru,Refugio Nacional de Vida Silvestre,National Wildlife Refuge,National,VI,Not Applicable,0,0.0,0.0,2.65064001083374,2.66159059218811,Not Applicable,0.0,Designated,2002,Individual landowners,Individual landowners,Individual landowners,Not Reported,State Verified,811,CR-A,CRI,CRI,Not Applicable,Not Applicable
115179.0,115179,1,Maquenque,Maquenque,Refugio Nacional de Vida Silvestre,National Wildlife Refuge,National,VI,Not Applicable,0,0.0,0.0,518.544982910156,520.732411567081,Not Applicable,0.0,Proposed,2005,Federal or national ministry or agency,Joint ownership,Federal or national ministry or agency,Not Reported,State Verified,811,CR-H,CRI,CRI,Not Applicable,Not Applicable
168136.0,168136,1,Finca Baru del Pacifico,Finca Baru del Pacifico,Refugio Nacional de Vida Silvestre,National Wildlife Refuge,National,VI,Not Applicable,0,0.0,0.0,3.26625990867615,3.28042071979397,Not Applicable,0.0,Designated,1995,Individual landowners,Individual landowners,Individual landowners,Not Reported,State Verified,811,CR-P,CRI,CRI,Not Applicable,Not Applicable
555643523.0,555643523,1,Ara Macao,Ara Macao,Refugio Nacional de Vida Silvestre,National Wildlife Refuge,National,VI,Not Applicable,0,0.0,0.0,0.73929500579834,0.742382246353604,Not Applicable,0.0,Designated,2005,Federal or national ministry or agency,Joint ownership,Federal or national ministry or agency,Not Reported,State Verified,811,CR-P,CRI,CRI,Not Applicable,Not Applicable
168147.0,168147,1,Portalon,Portalon,Refugio Nacional de Vida Silvestre,National Wildlife Refuge,National,VI,Not Applicable,0,0.0,0.0,4.48898983001709,4.50844145878607,Not Applicable,0.0,Designated,1996,Federal or national ministry or agency,Joint ownership,Federal or national ministry or agency,Not Reported,State Verified,811,CR-P,CRI,CRI,Not Applicable,Not Applicable
168150.0,168150,1,Punta Rio Claro,Punta Rio Claro,Refugio Nacional de Vida Silvestre,National Wildlife Refuge,National,VI,Not Applicable,0,0.0,0.0,3.19734001159668,3.21127257566718,Not Applicable,0.0,Designated,1997,Federal or national ministry or agency,Joint ownership,Federal or national ministry or agency,Not Reported,State Verified,811,CR-P,CRI,CRI,Not Applicable,Not Applicable
555643535.0,555643535,1,Preciosa Platanares,Preciosa Platanares,Refugio Nacional de Vida Silvestre,National Wildlife Refuge,National,VI,Not Applicable,0,2.5786,0.0714270261304979,2.6323299407959,2.64349718842633,Not Applicable,0.0,Designated,1998,Federal or national ministry or agency,Joint ownership,Federal or national ministry or agency,Not Reported,State Verified,811,CR-P,CRI,CRI,Not Applicable,Not Applicable
108169.0,108169,1,Romelia,Romelia,Refugio Nacional de Vida Silvestre,National Wildlife Refuge,National,VI,Not Applicable,0,2.2086,0.0323200528688209,2.33692002296448,2.3462307756436,Not Applicable,0.0,Designated,1998,Federal or national ministry or agency,Joint ownership,Federal or national ministry or agency,Not Reported,State Verified,811,CR-P,CRI,CRI,Not Applicable,Not Applicable
555643527.0,555643527,1,Curi cancha,Curi cancha,Refugio Nacional de Vida Silvestre,National Wildlife Refuge,National,VI,Not Applicable,0,0.0,0.0,0.709798991680145,0.712682009076002,Not Applicable,0.0,Designated,1997,Individual landowners,Individual landowners,Individual landowners,Not Reported,State Verified,811,CR-P,CRI,CRI,Not Applicable,Not Applicable
555643539.0,555643539,1,Saimiri,Saimiri,Refugio Nacional de Vida Silvestre,National Wildlife Refuge,National,VI,Not Applicable,0,0.0,0.0,1.06904995441437,1.07365207906306,Not Applicable,0.0,Designated,2007,Federal or national ministry or agency,Joint ownership,Federal or national ministry or agency,Not Reported,State Verified,811,CR-P,CRI,CRI,Not Applicable,Not Applicable
168143.0,168143,1,La Ensenada,La Ensenada,Refugio Nacional de Vida Silvestre,National Wildlife Refuge,National,VI,Not Applicable,0,4.837,0.00988509914915212,4.83701992034912,4.85611778391514,Not Applicable,0.0,Designated,1998,Federal or national ministry or agency,Joint ownership,Federal or national ministry or agency,Not Reported,State Verified,811,CR-P,CRI,CRI,Not Applicable,Not Applicable
108162.0,108162,1,Playa Hermosa-Punta Mala,Playa Hermosa-Punta Mala,Refugio Nacional de Vida Silvestre,National Wildlife Refuge,National,VI,Not Applicable,1,22.927,22.2191418605078,22.9270000457764,26.7519829387431,Not Reported,0.0,Designated,1998,Federal or national ministry or agency,State,Not Reported,Not Reported,State Verified,811,CR-P,CRI,CRI,Not Applicable,Not Applicable
302000.0,302000,1,Pejeperro,Pejeperro,Refugio Nacional de Vida Silvestre,National Wildlife Refuge,National,VI,Not Applicable,1,0.0,17.4666065580012,19.8469009399414,27.5981366229831,Not Reported,0.0,Designated,2000,Federal or national ministry or agency,Joint ownership,Federal or national ministry or agency,Not Reported,State Verified,811,CR-P,CRI,CRI,Not Applicable,Not Applicable
555643524.0,555643524,1,Carate,Carate,Refugio Nacional de Vida Silvestre,National Wildlife Refuge,National,VI,Not Applicable,0,0.0,0.0,1.40375995635986,1.40981237456499,Not Applicable,0.0,Designated,1998,Federal or national ministry or agency,Joint ownership,Federal or national ministry or agency,Not Reported,State Verified,811,CR-P,CRI,CRI,Not Applicable,Not Applicable
555643531.0,555643531,1,Lapa Verde,Lapa Verde,Refugio Nacional de Vida Silvestre,National Wildlife Refuge,National,VI,Not Applicable,0,0.0,0.0,6.60868978500366,6.63664162331746,Not Applicable,0.0,Designated,2013,Individual landowners,Individual landowners,Individual landowners,Not Reported,State Verified,811,CR-H,CRI,CRI,Not Applicable,Not Applicable
555643537.0,555643537,1,Rio General,Rio General,Refugio Nacional de Vida Silvestre,National Wildlife Refuge,National,VI,Not Applicable,0,0.0,0.0,4.70658016204834,4.72666366435521,Not Applicable,0.0,Designated,2013,Individual landowners,Individual landowners,Individual landowners,Not Reported,State Verified,811,CR-P,CRI,CRI,Not Applicable,Not Applicable
555643534.0,555643534,1,Osa,Osa,Refugio Nacional de Vida Silvestre,National Wildlife Refuge,National,VI,Not Applicable,0,0.0,0.0,17.494499206543,17.5690798421086,Not Applicable,0.0,Designated,1999,Federal or national ministry or agency,Joint ownership,Federal or national ministry or agency,Not Reported,State Verified,811,CR-P,CRI,CRI,Not Applicable,Not Applicable
108133.0,108133,1,Caletas Ario,Caletas Ario,Refugio Nacional de Vida Silvestre,National Wildlife Refuge,National,VI,Not Applicable,2,3.5951,199.132108440547,199.335998535156,203.700230861273,Not Reported,0.0,Designated,2006,Federal or national ministry or agency,Joint ownership,Federal or national ministry or agency,Not Reported,State Verified,811,CR-G,CRI,CRI,Not Applicable,Not Applicable
555643533.0,555643533,1,Montana de El Tigre,Montana de El Tigre,Refugio Nacional de Vida Silvestre,National Wildlife Refuge,National,VI,Not Applicable,0,0.0,0.0,2.82809996604919,2.84012056882065,Not Applicable,0.0,Designated,2003,Individual landowners,Individual landowners,Individual landowners,Not Reported,State Verified,811,CR-P,CRI,CRI,Not Applicable,Not Applicable
555636413.0,555636413,1,Conchal,Conchal,Refugio Nacional de Vida Silvestre,National Wildlife Refuge,National,VI,Not Applicable,0,0.0,0.0,0.396358013153076,0.397654210362844,Not Applicable,0.0,Designated,2009,Federal or national ministry or agency,Joint ownership,Federal or national ministry or agency,Not Reported,State Verified,811,CR-G,CRI,CRI,Not Applicable,Not Applicable
555643529.0,555643529,1,Hacienda El Viejo,Hacienda El Viejo,Refugio Nacional de Vida Silvestre,National Wildlife Refuge,National,VI,Not Applicable,0,0.0,0.0,11.5959997177124,11.6384106092884,Not Applicable,0.0,Designated,2009,Individual landowners,Individual landowners,Individual landowners,Not Reported,State Verified,811,CR-G,CRI,CRI,Not Applicable,Not Applicable
555636414.0,555636414,1,Tapiria,Tapiria,Refugio Nacional de Vida Silvestre,National Wildlife Refuge,National,VI,Not Applicable,0,0.0,0.0,1.29756999015808,1.30306952724142,Not Applicable,0.0,Designated,2011,Federal or national ministry or agency,State,Not Reported,Not Reported,State Verified,811,CR-H,CRI,CRI,Not Applicable,Not Applicable
555697609.0,555697609,1,La Selva,La Selva,Zona Protectora,Protected Zone,National,IV,Not Applicable,0,0.0,0.0,25.11549949646,25.2222223892206,Not Applicable,0.0,Designated,1984,Federal or national ministry or agency,Joint ownership,Federal or national ministry or agency,Not Reported,State Verified,811,CR-H,CRI,CRI,Not Applicable,Not Applicable
555643532.0,555643532,1,Longo Mai,Longo Mai,Refugio Nacional de Vida Silvestre,National Wildlife Refuge,National,VI,Not Applicable,0,0.0,0.0,9.28429985046387,9.32384539754284,Not Applicable,0.0,Designated,2014,Individual landowners,Individual landowners,Individual landowners,Not Reported,State Verified,811,CR-P,CRI,CRI,Not Applicable,Not Applicable
3329.0,3329,1,Cerro de Escazu,Cerro de Escazu,Zona Protectora,Protected Zone,National,IV,Not Applicable,0,0.0,0.0,71.6513977050781,71.9594273493126,Not Applicable,0.0,Designated,1976,Federal or national ministry or agency,Joint ownership,Federal or national ministry or agency,Not Reported,State Verified,811,CR-SJ,CRI,CRI,Not Applicable,Not Applicable
3330.0,3330,1,Caraigres,Caraigres,Zona Protectora,Protected Zone,National,IV,Not Applicable,0,0.0,0.0,32.0371017456055,32.1750768524636,Not Applicable,0.0,Designated,1976,Federal or national ministry or agency,Joint ownership,Federal or national ministry or agency,Not Reported,State Verified,811,CR-SJ,CRI,CRI,Not Applicable,Not Applicable
12491.0,12491,1,Las Tablas,Las Tablas,Zona Protectora,Protected Zone,National,IV,Not Applicable,0,0.0,0.0,199.811004638672,200.598807367097,Not Applicable,0.0,Designated,1981,Federal or national ministry or agency,Joint ownership,Federal or national ministry or agency,Not Reported,State Verified,811,CR-P,CRI,CRI,Not Applicable,Not Applicable
19375.0,19375,1,Cerros de La Carpintera,Cerros de La Carpintera,Zona Protectora,Protected Zone,National,IV,Not Applicable,0,0.0,0.0,23.900899887085,24.0035385281428,Not Applicable,0.0,Designated,1976,Federal or national ministry or agency,Joint ownership,Federal or national ministry or agency,Not Reported,State Verified,811,CR-C,CRI,CRI,Not Applicable,Not Applicable
19376.0,19376,1,Cerros de Turrubares,Cerros de Turrubares,Zona Protectora,Protected Zone,National,IV,Not Applicable,0,0.0,0.0,29.0554008483887,29.1781361255027,Not Applicable,0.0,Designated,1983,Federal or national ministry or agency,Joint ownership,Federal or national ministry or agency,Not Reported,State Verified,811,CR-SJ,CRI,CRI,Not Applicable,Not Applicable
19383.0,19383,1,Rio Navarro-Rio Sombrero,Rio Navarro-Rio Sombrero,Zona Protectora,Protected Zone,National,IV,Not Applicable,0,0.0,0.0,64.1719970703125,64.4479819487752,Not Applicable,0.0,Designated,1984,Federal or national ministry or agency,Joint ownership,Federal or national ministry or agency,Not Reported,State Verified,811,CR-C,CRI,CRI,Not Applicable,Not Applicable
12489.0,12489,1,Rio Grande,Rio Grande,Zona Protectora,Protected Zone,National,IV,Not Applicable,0,0.0,0.0,14.9979000091553,15.0613464997089,Not Applicable,0.0,Designated,1976,Federal or national ministry or agency,Joint ownership,Federal or national ministry or agency,Not Reported,State Verified,811,CR-A,CRI,CRI,Not Applicable,Not Applicable
21407.0,21407,1,Cerro Nara,Cerro Nara,Zona Protectora,Protected Zone,National,IV,Not Applicable,0,0.0,0.0,23.1313991546631,23.2321104815645,Not Applicable,0.0,Designated,1984,Federal or national ministry or agency,Joint ownership,Federal or national ministry or agency,Not Reported,State Verified,811,CR-SJ,CRI,CRI,Not Applicable,Not Applicable
19378.0,19378,1,El Chayote,El Chayote,Zona Protectora,Protected Zone,National,IV,Not Applicable,0,0.0,0.0,7.66268014907837,7.69509771552949,Not Applicable,0.0,Designated,1984,Federal or national ministry or agency,Joint ownership,Federal or national ministry or agency,Not Reported,State Verified,811,CR-A,CRI,CRI,Not Applicable,Not Applicable
168168.0,168168,1,Montes de Oro,Montes de Oro,Zona Protectora,Protected Zone,National,IV,Not Applicable,0,0.0,0.0,11.3705997467041,11.4176247481355,Not Applicable,0.0,Designated,1994,Federal or national ministry or agency,Joint ownership,Federal or national ministry or agency,Not Reported,State Verified,811,CR-P,CRI,CRI,Not Applicable,Not Applicable
19377.0,19377,1,Cuenca del Rio Tuis,Cuenca del Rio Tuis,Zona Protectora,Protected Zone,National,IV,Not Applicable,0,0.0,0.0,40.8708000183105,41.0446623831018,Not Applicable,0.0,Designated,1986,Federal or national ministry or agency,Joint ownership,Federal or national ministry or agency,Not Reported,State Verified,811,CR-C,CRI,CRI,Not Applicable,Not Applicable
19384.0,19384,1,Tivives,Tivives,Zona Protectora,Protected Zone,National,IV,Not Applicable,0,24.9724,0.0680519189061907,24.9724006652832,25.075870555358,Not Applicable,0.0,Designated,1986,Federal or national ministry or agency,Joint ownership,Federal or national ministry or agency,Not Reported,State Verified,811,CR-P,CRI,CRI,Not Applicable,Not Applicable
168169.0,168169,1,Quebrada Rosario,Quebrada Rosario,Zona Protectora,Protected Zone,National,IV,Not Applicable,0,0.0,0.0,0.272024005651474,0.273194778513012,Not Applicable,0.0,Designated,1997,Federal or national ministry or agency,Joint ownership,Federal or national ministry or agency,Not Reported,State Verified,811,CR-SJ,CRI,CRI,Not Applicable,Not Applicable
19371.0,19371,1,Acuiferos Guacimo y Pococi,Acuiferos Guacimo y Pococi,Zona Protectora,Protected Zone,National,IV,Not Applicable,0,0.0,0.0,42.6190986633301,42.8013308089447,Not Applicable,0.0,Designated,1987,Federal or national ministry or agency,Joint ownership,Federal or national ministry or agency,Not Reported,State Verified,811,CR-L,CRI,CRI,Not Applicable,Not Applicable
19385.0,19385,1,Arenal Monteverde,Arenal Monteverde,Zona Protectora,Protected Zone,National,IV,Not Applicable,0,0.0,0.0,283.039001464844,284.200698404476,Not Applicable,0.0,Designated,1977,Federal or national ministry or agency,Joint ownership,Federal or national ministry or agency,Not Reported,State Verified,811,CR-A,CRI,CRI,Not Applicable,Not Applicable
36058.0,36058,1,Tenorio,Tenorio,Zona Protectora,Protected Zone,National,IV,Not Applicable,0,0.0,0.0,56.0373001098633,56.2596117100952,Not Applicable,0.0,Designated,1976,Federal or national ministry or agency,Joint ownership,Federal or national ministry or agency,Not Reported,State Verified,811,CR-A,CRI,CRI,Not Applicable,Not Applicable
36057.0,36057,1,Miravalles,Miravalles,Zona Protectora,Protected Zone,National,IV,Not Applicable,0,0.0,0.0,74.3884963989258,74.6734136285395,Not Applicable,0.0,Proposed,1976,Federal or national ministry or agency,Joint ownership,Federal or national ministry or agency,Not Reported,State Verified,811,CR-A,CRI,CRI,Not Applicable,Not Applicable
108135.0,108135,1,Cerro El Chompipe,Cerro El Chompipe,Zona Protectora,Protected Zone,National,IV,Not Applicable,0,0.0,0.0,0.886869013309479,0.890611126138369,Not Applicable,0.0,Designated,1999,Federal or national ministry or agency,Joint ownership,Federal or national ministry or agency,Not Reported,State Verified,811,CR-A,CRI,CRI,Not Applicable,Not Applicable
30599.0,30599,1,Tortuguero,Tortuguero,Zona Protectora,Protected Zone,National,IV,Not Applicable,0,0.0,0.0,59.973201751709,60.2088841711094,Not Applicable,0.0,Designated,1990,Federal or national ministry or agency,Joint ownership,Federal or national ministry or agency,Not Reported,State Verified,811,CR-L,CRI,CRI,Not Applicable,Not Applicable
108153.0,108153,1,Monte Alto,Monte Alto,Zona Protectora,Protected Zone,National,IV,Not Applicable,0,0.0,0.0,9.0279598236084,9.06130077830507,Not Applicable,0.0,Designated,1994,Federal or national ministry or agency,Joint ownership,Federal or national ministry or agency,Not Reported,State Verified,811,CR-G,CRI,CRI,Not Applicable,Not Applicable
102314.0,102314,1,Cerro La Cruz,Cerro La Cruz,Zona Protectora,Protected Zone,National,IV,Not Applicable,0,0.0,0.0,1.9862699508667,1.99349842517565,Not Applicable,0.0,Designated,1994,Federal or national ministry or agency,Joint ownership,Federal or national ministry or agency,Not Reported,State Verified,811,CR-G,CRI,CRI,Not Applicable,Not Applicable
102320.0,102320,1,Cuenca del Rio Abangares,Cuenca del Rio Abangares,Zona Protectora,Protected Zone,National,IV,Not Applicable,0,0.0,0.0,43.6786003112793,43.8540432597041,Not Applicable,0.0,Designated,1995,Federal or national ministry or agency,Joint ownership,Federal or national ministry or agency,Not Reported,State Verified,811,CR-G,CRI,CRI,Not Applicable,Not Applicable
555636417.0,555636417,1,Las Baulas de Guanacaste,Las Baulas de Guanacaste,Zona Protectora,Protected Zone,National,IV,Not Applicable,0,0.0,0.0,0.164039999246597,0.164569622468826,Not Applicable,0.0,Designated,1991,Federal or national ministry or agency,Joint ownership,Federal or national ministry or agency,Not Reported,State Verified,811,CR-G,CRI,CRI,Not Applicable,Not Applicable
302005.0,302005,1,Riberino Zapandi,Riberino Zapandi,Humedal,Wetland,National,II,Not Applicable,0,0.0,0.0,0.0827751010656357,5.10881333851063,Not Applicable,0.0,Designated,1985,Federal or national ministry or agency,Joint ownership,Federal or national ministry or agency,Not Reported,State Verified,811,CR-G,CRI,CRI,Not Applicable,Not Applicable
168171.0,168171,1,Cuenca Rio Siquirres,Cuenca Rio Siquirres,Zona Protectora,Protected Zone,National,IV,Not Applicable,0,0.0,0.0,6.89762020111084,6.92670313072549,Not Applicable,0.0,Designated,1995,Federal or national ministry or agency,Joint ownership,Federal or national ministry or agency,Not Reported,State Verified,811,CR-L,CRI,CRI,Not Applicable,Not Applicable
5083.0,5083,1,La Amistad,La Amistad,UNESCO-MAB Biosphere Reserve,UNESCO-MAB Biosphere Reserve,International,Not Applicable,Not Applicable,0,0.0,0.0,5845.92,7859.35004238311,Not Applicable,0.0,Designated,1982,Not Reported,Not Reported,Not Reported,Not Reported,State Verified,811,CR-SJ,CRI,CRI,Not Applicable,Not Applicable
13696.0,13696,1,Cordillera Volcánica Central,Cordillera Volcánica Central,UNESCO-MAB Biosphere Reserve,UNESCO-MAB Biosphere Reserve,International,Not Applicable,Not Applicable,0,0.0,0.0,1443.63,6538.65610807233,Not Applicable,0.0,Designated,1988,Not Reported,Not Reported,Not Reported,Not Reported,State Verified,811,CR-SJ,CRI,CRI,Not Applicable,Not Applicable
555721652.0,555721652,1,Savegre,Savegre,UNESCO-MAB Biosphere Reserve,UNESCO-MAB Biosphere Reserve,International,Not Applicable,Not Applicable,1,1492.89,1498.83842514648,3129.14,3143.52725242042,Not Reported,0.0,Designated,2017,Not Reported,Not Reported,Not Reported,Not Reported,State Verified,811,CR-SJ,CRI,CRI,Not Applicable,Not Applicable
900908.0,900908,1,Turberas de Talamanca,Turberas de Talamanca,"Ramsar Site, Wetland of International Importance","Ramsar Site, Wetland of International Importance",International,Not Reported,(i)(ii)(iii)(iv),0,0.0,0.0,1925.2,1967.4648397209,Not Applicable,0.0,Designated,2003,Not Reported,Not Reported,Not Reported,Management plan is not implemented and not available,State Verified,811,CR-SJ,CRI,CRI,Not Applicable,Not Applicable
145527.0,145527,1,Terraba-Sierpe,Terraba-Sierpe,"Ramsar Site, Wetland of International Importance","Ramsar Site, Wetland of International Importance",International,Not Reported,(i)(ii)(iii)(iv),0,0.0,24.1914084876982,306.54,364.181544974759,Not Applicable,0.0,Designated,1995,Not Reported,Not Reported,Not Reported,Management plan is implemented and is available,State Verified,811,CR-P,CRI,CRI,Not Applicable,Not Applicable
67864.0,67864,1,Caño Negro,Caño Negro,"Ramsar Site, Wetland of International Importance","Ramsar Site, Wetland of International Importance",International,Not Reported,(i)(ii)(iii),0,0.0,0.0,99.69,186.984161843186,Not Applicable,0.0,Designated,1991,Not Reported,Not Reported,Not Reported,Management plan is implented and available,State Verified,811,CR-A,CRI,CRI,Not Applicable,Not Applicable
67863.0,67863,1,Palo Verde,Palo Verde,"Ramsar Site, Wetland of International Importance","Ramsar Site, Wetland of International Importance",International,Not Reported,(i)(ii)(iii)(iv),0,0.0,8.59449564589733,245.19,283.631759831426,Not Applicable,0.0,Designated,1991,Not Reported,Not Reported,Not Reported,Management plan is implented and available,State Verified,811,CR-G,CRI,CRI,Not Applicable,Not Applicable
555547536.0,555547536,1,Agua y Paz,Agua y Paz,UNESCO-MAB Biosphere Reserve,UNESCO-MAB Biosphere Reserve,International,Not Applicable,Not Applicable,0,0.0,0.0,1499.597,9184.76029678266,Not Applicable,0.0,Designated,2007,Not Reported,Not Reported,Not Reported,Not Reported,State Verified,811,CR-A,CRI,CRI,Not Applicable,Not Applicable
198317.0,198317,1,Manglar de Potrero Grande,Manglar de Potrero Grande,"Ramsar Site, Wetland of International Importance","Ramsar Site, Wetland of International Importance",International,Not Reported,(i)(ii)(iii)(iv),0,0.0,0.167301684339052,1.39,4.90934150868383,Not Applicable,0.0,Designated,1999,Not Reported,Not Reported,Not Reported,Management plan is not implemented and not available,State Verified,811,CR-G,CRI,CRI,Not Applicable,Not Applicable
220090.0,220090,1,Cuenca Embalse Arenal,Cuenca Embalse Arenal,"Ramsar Site, Wetland of International Importance","Ramsar Site, Wetland of International Importance",International,Not Reported,(i)(ii)(iii)(iv),0,0.0,0.0,672.96,509.657029760406,Not Applicable,0.0,Designated,2000,Not Reported,Not Reported,Not Reported,Not Reported,State Verified,811,CR-A,CRI,CRI,Not Applicable,Not Applicable
166740.0,166740,1,Isla del Coco,Isla del Coco,"Ramsar Site, Wetland of International Importance","Ramsar Site, Wetland of International Importance",International,Not Reported,(i)(ii)(iii)(iv),2,0.0,2020.10485924007,996.23,2045.33298491096,Not Reported,0.0,Designated,1998,Not Reported,Not Reported,Not Reported,Management plan is implemented and is available,State Verified,811,CR-P,CRI,CRI,Not Applicable,Not Applicable
198318.0,198318,1,Laguna Respringue,Laguna Respringue,"Ramsar Site, Wetland of International Importance","Ramsar Site, Wetland of International Importance",International,Not Reported,(i)(ii)(iii)(iv),1,0.0,0.142466333612659,0.75,0.639587448626193,Not Reported,0.0,Designated,1999,Not Reported,Not Reported,Not Reported,Management plan is not implemented and not available,State Verified,811,CR-G,CRI,CRI,Not Applicable,Not Applicable
145525.0,145525,1,Humedal Caribe Noreste,Humedal Caribe Noreste,"Ramsar Site, Wetland of International Importance","Ramsar Site, Wetland of International Importance",International,Not Reported,(i)(ii)(iii)(iv),0,0.0,12.8165361036857,753.1,877.445024199572,Not Applicable,0.0,Designated,1996,Not Reported,Not Reported,Not Reported,Management plan is implented and available,State Verified,811,CR-L,CRI,CRI,Not Applicable,Not Applicable
555542744.0,555542744,1,Humedal Maquenque,Humedal Maquenque,"Ramsar Site, Wetland of International Importance","Ramsar Site, Wetland of International Importance",International,Not Reported,(i)(ii)(iii)(iv),0,0.0,0.0,596.92,599.479140532874,Not Applicable,0.0,Designated,2010,Not Reported,Not Reported,Not Reported,Not Reported,State Verified,811,CR-A,CRI,CRI,Not Applicable,Not Applicable
67865.0,67865,1,Tamarindo,Tamarindo,"Ramsar Site, Wetland of International Importance","Ramsar Site, Wetland of International Importance",International,Not Reported,(iii),0,0.0,0.230814609065832,5.0,9.76253708878669,Not Applicable,0.0,Designated,1993,Not Reported,Not Reported,Not Reported,Management plan is implented and available,State Verified,811,CR-G,CRI,CRI,Not Applicable,Not Applicable
145524.0,145524,1,Gandoca-Manzanillo,Gandoca-Manzanillo,"Ramsar Site, Wetland of International Importance","Ramsar Site, Wetland of International Importance",International,Not Reported,(i)(ii)(iii)(iv),1,44.36,57.4309155779305,94.45,105.289493242348,Not Reported,0.0,Designated,1995,Not Reported,Not Reported,Not Reported,Management plan is implented and available,State Verified,811,CR-L,CRI,CRI,Not Applicable,Not Applicable
170.0,170,1,Isla del Coco,Isla del Coco,Parque Nacional,National Park,National,II,Not Applicable,2,54820.84978,55055.984162,54844.16652,55081.212287,Not Reported,0.0,Designated,1978,Federal or national ministry or agency,State,Federal or national ministry or agency,Not Reported,State Verified,811,CR-P,CRI,CRI,Not Applicable,Not Applicable
555744944.0,555744944,1,Del Bicentenario,Del Bicentenario,Area Marina de Manejo,Marine Management Area,National,VI,Not Applicable,2,106283.6514,107115.931585,106283.6514,107440.403172756,Not Reported,0.0,Designated,2022,Federal or national ministry or agency,State,Federal or national ministry or agency,Not Reported,State Verified,811,Not Reported,CRI,CRI,Not Applicable,Not Applicable
